case,rows,repetition,wall_ms,rows_per_second
cudf_add64,262144,0,0.20445,1.28219e+09
cudf_add64,262144,1,0.189379,1.38423e+09
cudf_add64,262144,2,0.197139,1.32974e+09
cudf_add64,262144,3,0.195489,1.34097e+09
cudf_add64,262144,4,0.19587,1.33836e+09
cudf_add64,262144,5,0.195839,1.33857e+09
cudf_add64,262144,6,0.204669,1.28082e+09
checked_add64,262144,0,0.02729,9.60586e+09
checked_add64,262144,1,0.02719,9.64119e+09
checked_add64,262144,2,0.02758,9.50486e+09
checked_add64,262144,3,0.02637,9.94099e+09
checked_add64,262144,4,0.033949,7.7217e+09
checked_add64,262144,5,0.03364,7.79263e+09
checked_add64,262144,6,0.03487,7.51775e+09
cudf_widen_multiply64_to128,262144,0,0.502128,5.22066e+08
cudf_widen_multiply64_to128,262144,1,0.495698,5.28838e+08
cudf_widen_multiply64_to128,262144,2,0.499908,5.24384e+08
cudf_widen_multiply64_to128,262144,3,0.497848,5.26554e+08
cudf_widen_multiply64_to128,262144,4,0.499428,5.24888e+08
cudf_widen_multiply64_to128,262144,5,0.499538,5.24773e+08
cudf_widen_multiply64_to128,262144,6,0.507368,5.16674e+08
checked_multiply64_to128,262144,0,0.505538,5.18545e+08
checked_multiply64_to128,262144,1,0.500578,5.23683e+08
checked_multiply64_to128,262144,2,0.500228,5.24049e+08
checked_multiply64_to128,262144,3,0.495228,5.2934e+08
checked_multiply64_to128,262144,4,0.512808,5.11193e+08
checked_multiply64_to128,262144,5,0.498808,5.25541e+08
checked_multiply64_to128,262144,6,0.499539,5.24772e+08
checked_add256,262144,0,0.263789,9.93764e+08
checked_add256,262144,1,0.262309,9.99371e+08
checked_add256,262144,2,0.258849,1.01273e+09
checked_add256,262144,3,0.262029,1.00044e+09
checked_add256,262144,4,0.262509,9.9861e+08
checked_add256,262144,5,0.262309,9.99371e+08
checked_add256,262144,6,0.263589,9.94518e+08
checked_divide256,262144,0,4.67064,5.61259e+07
checked_divide256,262144,1,4.66343,5.62127e+07
checked_divide256,262144,2,4.66613,5.61802e+07
checked_divide256,262144,3,4.66244,5.62246e+07
checked_divide256,262144,4,4.65689,5.62916e+07
checked_divide256,262144,5,4.65525,5.63115e+07
checked_divide256,262144,6,4.65287,5.63403e+07
